advisor_code,advisor_name,title,credentials,license_series,hire_date,years_in_industry,branch_name,office_city,office_state,email_address,phone_number,specialization,advisor_status
A482,James Harrington,Wealth Manager,CFP,"Series 7, Series 63, Series 65",2016-11-16,10,Austin Riverside,Austin,TX,james.harrington@quietcompanionwealth.com,(414) 230-2535,High Net Worth Wealth Management,Active
7B19,Sarah Weston,Senior Financial Advisor,"CLU, CFA, CPA","Series 7, Series 63, Series 66",2026-03-29,16,Denver Tech Center,Denver,CO,sarah.weston@quietcompanionwealth.com,(737) 632-6574,Education Planning,Active
34C0,Michael Tran,Branch Manager,CFA,"Series 7, Series 63, Series 66, Series 24",2024-10-26,21,Chicago Loop,Chicago,IL,michael.tran@quietcompanionwealth.com,(608) 327-7201,Estate Planning,Active
9D57,Laura Simmons,Portfolio Manager,"CPA, CRPC, CFP","Series 7, Series 63, Series 65",2005-02-27,24,Phoenix Camelback,Phoenix,AZ,laura.simmons@quietcompanionwealth.com,(512) 281-4814,Estate Planning,Active
E831,David Okoye,Senior Financial Advisor,"CRPC, CFA","Series 7, Series 63, Series 66",2014-07-07,13,Minneapolis Skyway,Minneapolis,MN,david.okoye@quietcompanionwealth.com,(720) 273-3803,High Net Worth Wealth Management,Active
5F26,Emily Chen,Financial Advisor,CPA,"Series 7, Series 63",2020-11-26,8,Denver Tech Center,Denver,CO,emily.chen@quietcompanionwealth.com,(512) 267-4456,Small Business Advisory,Active
K093,Robert Patel,Senior Financial Advisor,CFA,"Series 7, Series 63, Series 66",2007-12-01,18,Atlanta Midtown,Atlanta,GA,robert.patel@quietcompanionwealth.com,(602) 424-3266,Income & Distribution Planning,Active
P247,Angela Foster,Associate Financial Advisor,AIF,"Series 7, Series 63, Series 65",2024-12-05,1,Minneapolis Skyway,Minneapolis,MN,angela.foster@quietcompanionwealth.com,(773) 679-9669,Education Planning,Terminated
3M81,Christopher Nguyen,Portfolio Manager,"CFA, CLU, CRPC","Series 7, Series 63, Series 66",2020-10-30,15,Chicago Loop,Chicago,IL,christopher.nguyen@quietcompanionwealth.com,(414) 939-5315,Tax-Efficient Investing,Active
R602,Patricia Alvarez,Associate Financial Advisor,None,"Series 7, Series 63",2025-08-16,3,Denver Tech Center,Denver,CO,patricia.alvarez@quietcompanionwealth.com,(602) 700-1319,Estate Planning,On Leave
8T45,Daniel Brooks,Portfolio Manager,CFP,"Series 7, Series 63, Series 65",2008-05-13,28,Austin Riverside,Austin,TX,daniel.brooks@quietcompanionwealth.com,(312) 949-8962,Estate Planning,Terminated
W119,Michelle Carter,Senior Financial Advisor,"AIF, CIMA, CFA","Series 7, Series 63, Series 66",2017-08-14,10,Minneapolis Skyway,Minneapolis,MN,michelle.carter@quietcompanionwealth.com,(206) 416-9835,High Net Worth Wealth Management,Active
F930,Jonathan Reyes,Financial Advisor,"CFA, AIF","Series 7, Series 63, Series 66",2025-08-21,8,Phoenix Camelback,Phoenix,AZ,jonathan.reyes@quietcompanionwealth.com,(608) 435-4608,Retirement Planning,Active
2H58,Rebecca Lin,Wealth Manager,CFP,"Series 7, Series 63, Series 66",2015-10-16,13,Chicago Loop,Chicago,IL,rebecca.lin@quietcompanionwealth.com,(303) 752-3167,Income & Distribution Planning,Active
N714,Steven Wallace,Senior Financial Advisor,CFA,"Series 7, Series 63, Series 66",2020-11-15,14,Denver Tech Center,Denver,CO,steven.wallace@quietcompanionwealth.com,(206) 678-1887,Estate Planning,Active
1Z33,Yvonne Donovan,Senior Financial Advisor,CFP,"Series 7, Series 63, Series 66",2018-05-01,10,Seattle Waterfront,Seattle,WA,yvonne.donovan@quietcompanionwealth.com,(414) 867-9856,Retirement Planning,On Leave
6F77,Colin Quinn,Portfolio Manager,"CFP, CPA","Series 7, Series 63, Series 66",2012-01-27,15,Minneapolis Skyway,Minneapolis,MN,colin.quinn@quietcompanionwealth.com,(206) 913-8973,Tax-Efficient Investing,Active
S805,Amanda Foster,Associate Financial Advisor,None,"Series 7, Series 63",2025-05-14,4,Minneapolis Skyway,Minneapolis,MN,amanda.foster@quietcompanionwealth.com,(773) 269-4853,ESG & Impact Investing,Active
S909,Caleb Russo,Senior Financial Advisor,"CPA, CRPC","Series 7, Series 63, Series 65",2017-11-30,17,Phoenix Camelback,Phoenix,AZ,caleb.russo@quietcompanionwealth.com,(612) 887-5915,Income & Distribution Planning,Active
A799,Colin Alvarez,Associate Financial Advisor,None,"Series 7, Series 63, Series 65",2025-12-11,2,Austin Riverside,Austin,TX,colin.alvarez@quietcompanionwealth.com,(512) 361-8179,Education Planning,Active
8A41,Monica Holloway,Financial Advisor,CRPC,"Series 7, Series 63, Series 66",2023-02-11,3,Minneapolis Skyway,Minneapolis,MN,monica.holloway@quietcompanionwealth.com,(414) 294-7939,Education Planning,Active
427U,Adam Coleman,Senior Financial Advisor,"ChFC, CIMA, CFP","Series 7, Series 63, Series 66",2016-09-11,9,Chicago Loop,Chicago,IL,adam.coleman@quietcompanionwealth.com,(612) 640-3088,Retirement Planning,Active
315G,Emily Freeman,Managing Director,ChFC,"Series 7, Series 63, Series 65, Series 24",2020-12-31,24,Denver Tech Center,Denver,CO,emily.freeman@quietcompanionwealth.com,(206) 885-5065,Education Planning,Active
0M73,Ursula Lin,Portfolio Manager,"CPA, CFA","Series 7, Series 63, Series 65",2005-03-17,22,Phoenix Camelback,Phoenix,AZ,ursula.lin@quietcompanionwealth.com,(206) 536-5564,Estate Planning,On Leave
86U8,Victoria Ellison,Branch Manager,CFA,"Series 7, Series 63, Series 66, Series 24",2015-11-10,17,Austin Riverside,Austin,TX,victoria.ellison@quietcompanionwealth.com,(773) 723-2894,ESG & Impact Investing,Active
6B08,Thomas Santos,Financial Advisor,CIMA,"Series 7, Series 63",2023-01-03,3,Phoenix Camelback,Phoenix,AZ,thomas.santos@quietcompanionwealth.com,(206) 913-5844,Tax-Efficient Investing,Active
29V9,Paula Iverson,Financial Advisor,CLU,"Series 7, Series 63",2016-07-20,9,Milwaukee Downtown,Milwaukee,WI,paula.iverson@quietcompanionwealth.com,(602) 676-8238,Income & Distribution Planning,Active
21Z4,Elena Adkins,Associate Financial Advisor,None,"Series 7, Series 63, Series 65",2026-02-13,2,Austin Riverside,Austin,TX,elena.adkins@quietcompanionwealth.com,(404) 825-2193,Income & Distribution Planning,Active
6G76,Jerome Nash,Associate Financial Advisor,CFP,"Series 7, Series 63, Series 66",2025-09-06,1,Chicago Loop,Chicago,IL,jerome.nash@quietcompanionwealth.com,(303) 324-8478,Tax-Efficient Investing,Active
957R,Paula Holloway,Portfolio Manager,CFP,"Series 7, Series 63, Series 66",2009-10-17,23,Atlanta Midtown,Atlanta,GA,paula.holloway@quietcompanionwealth.com,(720) 444-5499,Income & Distribution Planning,Active
I558,Aaron Quinn,Associate Financial Advisor,AIF,"Series 7, Series 63, Series 66",2024-12-31,2,Seattle Waterfront,Seattle,WA,aaron.quinn@quietcompanionwealth.com,(608) 677-7812,Retirement Planning,Active
909Y,Priya Johansson,Senior Financial Advisor,"CLU, CIMA","Series 7, Series 63, Series 65",2019-02-28,13,Austin Riverside,Austin,TX,priya.johansson@quietcompanionwealth.com,(512) 646-8956,Retirement Planning,Active
X272,Paula Larsen,Branch Manager,CFA,"Series 7, Series 63, Series 65, Series 24",2025-02-05,25,Milwaukee Downtown,Milwaukee,WI,paula.larsen@quietcompanionwealth.com,(206) 535-4467,Income & Distribution Planning,Active
641I,Dana Iverson,Associate Financial Advisor,CRPC,"Series 7, Series 63, Series 65",2021-05-30,5,Milwaukee Downtown,Milwaukee,WI,dana.iverson@quietcompanionwealth.com,(414) 453-4266,Retirement Planning,Active
193P,Paul Coleman,Wealth Manager,"CFA, CLU, AIF","Series 7, Series 63, Series 66",2022-08-27,15,Minneapolis Skyway,Minneapolis,MN,paul.coleman@quietcompanionwealth.com,(414) 519-7149,ESG & Impact Investing,On Leave
S314,Lauren Alvarez,Senior Wealth Manager,"CFA, CRPC","Series 7, Series 63, Series 65",2012-10-14,23,Milwaukee Downtown,Milwaukee,WI,lauren.alvarez@quietcompanionwealth.com,(312) 643-6934,Income & Distribution Planning,Active
849X,Fatima Ibrahim,Senior Financial Advisor,"CPA, CLU","Series 7, Series 63, Series 66",2012-02-18,17,Austin Riverside,Austin,TX,fatima.ibrahim@quietcompanionwealth.com,(404) 783-7209,Small Business Advisory,Active
35P4,Samantha Jensen,Financial Advisor,CFA,"Series 7, Series 63, Series 66",2018-09-09,7,Austin Riverside,Austin,TX,samantha.jensen@quietcompanionwealth.com,(303) 907-8800,Income & Distribution Planning,Active
36J3,Michael Carter,Wealth Manager,"CFA, CPA, AIF","Series 7, Series 63, Series 66",2018-01-15,15,Atlanta Midtown,Atlanta,GA,michael.carter@quietcompanionwealth.com,(512) 436-2976,High Net Worth Wealth Management,Active
233Y,Brooke Ingram,Financial Advisor,CIMA,"Series 7, Series 63, Series 65",2022-06-12,7,Austin Riverside,Austin,TX,brooke.ingram@quietcompanionwealth.com,(737) 746-3073,Education Planning,Active
J271,Robert Kowalski,Senior Financial Advisor,"CRPC, CFA","Series 7, Series 63, Series 65",2017-10-19,15,Atlanta Midtown,Atlanta,GA,robert.kowalski@quietcompanionwealth.com,(312) 266-7565,Income & Distribution Planning,Active
E294,Jerome Patel,Managing Director,"CFA, CLU, CIMA","Series 7, Series 63, Series 66, Series 24",2007-11-16,23,Seattle Waterfront,Seattle,WA,jerome.patel@quietcompanionwealth.com,(512) 782-1986,Estate Planning,On Leave
4G12,Jason Whitfield,Associate Financial Advisor,None,"Series 7, Series 63, Series 66",2025-06-02,1,Minneapolis Skyway,Minneapolis,MN,jason.whitfield@quietcompanionwealth.com,(303) 495-5632,Income & Distribution Planning,Active
Z936,Christina Turner,Senior Financial Advisor,"ChFC, CFP","Series 7, Series 63, Series 65",2021-01-13,18,Minneapolis Skyway,Minneapolis,MN,christina.turner@quietcompanionwealth.com,(773) 966-5728,Income & Distribution Planning,Active
648W,Travis Yamamoto,Senior Financial Advisor,"CFP, CIMA","Series 7, Series 63, Series 65",2025-07-09,17,Milwaukee Downtown,Milwaukee,WI,travis.yamamoto@quietcompanionwealth.com,(512) 790-1659,Tax-Efficient Investing,Active
296I,Monica Rahman,Managing Director,"CFP, ChFC","Series 7, Series 63, Series 66, Series 24",2012-07-01,35,Phoenix Camelback,Phoenix,AZ,monica.rahman@quietcompanionwealth.com,(404) 495-7561,Retirement Planning,Active
K168,Nathan Santos,Wealth Manager,"CFP, CFA","Series 7, Series 63, Series 66",2010-08-06,18,Atlanta Midtown,Atlanta,GA,nathan.santos@quietcompanionwealth.com,(404) 978-1845,High Net Worth Wealth Management,Active
7O10,Andrew Walsh,Wealth Manager,"CLU, CFP, CFA","Series 7, Series 63, Series 65",2019-04-21,14,Milwaukee Downtown,Milwaukee,WI,andrew.walsh@quietcompanionwealth.com,(720) 357-9165,Education Planning,Active
7P37,Scott Nakamura,Financial Advisor,"CLU, ChFC","Series 7, Series 63",2022-06-18,7,Minneapolis Skyway,Minneapolis,MN,scott.nakamura@quietcompanionwealth.com,(512) 943-5891,Income & Distribution Planning,Active
558P,Sofia Ingram,Senior Financial Advisor,"CFA, CIMA, AIF","Series 7, Series 63, Series 65",2020-10-20,13,Denver Tech Center,Denver,CO,sofia.ingram@quietcompanionwealth.com,(737) 590-7325,Tax-Efficient Investing,Active
951Q,David Coleman,Associate Financial Advisor,CRPC,"Series 7, Series 63",2025-05-11,4,Milwaukee Downtown,Milwaukee,WI,david.coleman@quietcompanionwealth.com,(404) 471-6546,ESG & Impact Investing,Active
M578,Adam Ingram,Wealth Manager,CFA,"Series 7, Series 63, Series 66",2024-07-29,13,Austin Riverside,Austin,TX,adam.ingram@quietcompanionwealth.com,(737) 302-8269,Tax-Efficient Investing,Active
04K5,Laura Chen,Senior Financial Advisor,"ChFC, CFA, CLU","Series 7, Series 63, Series 65",2016-12-07,11,Seattle Waterfront,Seattle,WA,laura.chen@quietcompanionwealth.com,(773) 899-4945,Income & Distribution Planning,On Leave
O474,Brian Park,Branch Manager,"ChFC, CFP, CPA","Series 7, Series 63, Series 66, Series 24",2008-01-21,23,Austin Riverside,Austin,TX,brian.park@quietcompanionwealth.com,(720) 634-5097,Income & Distribution Planning,Active
13P6,Lauren Johansson,Senior Financial Advisor,"CLU, ChFC, CFP","Series 7, Series 63, Series 65",2016-10-09,12,Milwaukee Downtown,Milwaukee,WI,lauren.johansson@quietcompanionwealth.com,(512) 994-4770,Small Business Advisory,Active
21I0,Thomas Valdez,Senior Wealth Manager,"ChFC, CFP, AIF","Series 7, Series 63, Series 66",2014-11-21,14,Phoenix Camelback,Phoenix,AZ,thomas.valdez@quietcompanionwealth.com,(612) 405-3165,Small Business Advisory,Active
I745,Scott Hughes,Senior Financial Advisor,CLU,"Series 7, Series 63, Series 66",2024-11-28,9,Minneapolis Skyway,Minneapolis,MN,scott.hughes@quietcompanionwealth.com,(414) 470-9791,Estate Planning,Active
6S51,Quentin Turner,Senior Financial Advisor,"CPA, CRPC, CFP","Series 7, Series 63, Series 66",2016-07-23,17,Phoenix Camelback,Phoenix,AZ,quentin.turner@quietcompanionwealth.com,(206) 319-3290,Retirement Planning,On Leave
1D38,Justin Delgado,Financial Advisor,CLU,"Series 7, Series 63",2022-08-08,5,Seattle Waterfront,Seattle,WA,justin.delgado@quietcompanionwealth.com,(206) 486-1536,Small Business Advisory,Active
15L8,Omar Quinn,Associate Financial Advisor,CRPC,"Series 7, Series 63, Series 65",2026-05-24,3,Denver Tech Center,Denver,CO,omar.quinn@quietcompanionwealth.com,(602) 449-3063,High Net Worth Wealth Management,Active
93G3,Dana Kowalski,Senior Wealth Manager,"ChFC, CFA","Series 7, Series 63, Series 66",2021-04-24,23,Milwaukee Downtown,Milwaukee,WI,dana.kowalski@quietcompanionwealth.com,(720) 226-3159,Retirement Planning,Active
K024,Paul Pruitt,Associate Financial Advisor,CRPC,"Series 7, Series 63, Series 66",2021-08-20,4,Chicago Loop,Chicago,IL,paul.pruitt@quietcompanionwealth.com,(312) 662-9254,High Net Worth Wealth Management,On Leave
Q470,Emily Blackwood,Managing Director,"CFA, CPA, CRPC","Series 7, Series 63, Series 66, Series 24",2024-05-08,32,Seattle Waterfront,Seattle,WA,emily.blackwood@quietcompanionwealth.com,(602) 822-3430,Estate Planning,Active
85S6,Iris Yoon,Senior Financial Advisor,CFA,"Series 7, Series 63, Series 65",2012-11-02,17,Seattle Waterfront,Seattle,WA,iris.yoon@quietcompanionwealth.com,(303) 623-6553,Income & Distribution Planning,Active
65K4,Yvonne Reyes,Branch Manager,CFA,"Series 7, Series 63, Series 65, Series 24",2023-11-10,26,Atlanta Midtown,Atlanta,GA,yvonne.reyes@quietcompanionwealth.com,(312) 962-7105,Tax-Efficient Investing,Active
51R6,Bianca Lindqvist,Portfolio Manager,"CFP, ChFC, CIMA","Series 7, Series 63, Series 66",2015-04-29,27,Seattle Waterfront,Seattle,WA,bianca.lindqvist@quietcompanionwealth.com,(773) 719-4485,Tax-Efficient Investing,Active
85L1,Mark Lin,Senior Financial Advisor,"CIMA, CFP, CFA","Series 7, Series 63, Series 66",2015-01-14,14,Milwaukee Downtown,Milwaukee,WI,mark.lin@quietcompanionwealth.com,(602) 559-1100,Tax-Efficient Investing,Active
M120,Caleb Blackwood,Senior Wealth Manager,"CFA, ChFC","Series 7, Series 63, Series 66",2024-05-23,17,Seattle Waterfront,Seattle,WA,caleb.blackwood@quietcompanionwealth.com,(612) 361-1815,Estate Planning,Active
97P6,Nolan Ortiz,Financial Advisor,CIMA,"Series 7, Series 63",2018-09-24,7,Chicago Loop,Chicago,IL,nolan.ortiz@quietcompanionwealth.com,(720) 515-1744,High Net Worth Wealth Management,Active
3A43,Felix Foster,Senior Wealth Manager,CFP,"Series 7, Series 63, Series 66",2013-03-24,18,Phoenix Camelback,Phoenix,AZ,felix.foster@quietcompanionwealth.com,(612) 589-9725,High Net Worth Wealth Management,Active
C606,Paula Freeman,Senior Financial Advisor,"CLU, CIMA, CPA","Series 7, Series 63, Series 66",2022-04-22,9,Phoenix Camelback,Phoenix,AZ,paula.freeman@quietcompanionwealth.com,(206) 221-6321,Tax-Efficient Investing,Active
W516,Iris Takahashi,Financial Advisor,"CIMA, CRPC","Series 7, Series 63, Series 66",2024-05-10,7,Seattle Waterfront,Seattle,WA,iris.takahashi@quietcompanionwealth.com,(608) 848-2868,High Net Worth Wealth Management,On Leave
2X31,Benjamin Ellison,Financial Advisor,ChFC,"Series 7, Series 63",2022-10-25,4,Minneapolis Skyway,Minneapolis,MN,benjamin.ellison@quietcompanionwealth.com,(773) 978-8354,Small Business Advisory,Active
717E,Jerome Abbott,Wealth Manager,"CFA, ChFC","Series 7, Series 63, Series 66",2019-06-01,14,Milwaukee Downtown,Milwaukee,WI,jerome.abbott@quietcompanionwealth.com,(414) 577-5703,Estate Planning,Active
T867,Michelle Tessaro,Senior Financial Advisor,"CFP, CIMA","Series 7, Series 63, Series 66",2022-12-26,17,Denver Tech Center,Denver,CO,michelle.tessaro@quietcompanionwealth.com,(737) 286-9266,Tax-Efficient Investing,Active
8O89,Vincent Rahman,Financial Advisor,"CFP, CLU","Series 7, Series 63",2024-05-16,5,Seattle Waterfront,Seattle,WA,vincent.rahman@quietcompanionwealth.com,(602) 296-7333,Education Planning,Active
5E19,Nolan Sorensen,Branch Manager,CFA,"Series 7, Series 63, Series 66, Series 24",2008-12-12,20,Seattle Waterfront,Seattle,WA,nolan.sorensen@quietcompanionwealth.com,(720) 536-3093,Estate Planning,Active
0L54,Wei Farrell,Branch Manager,CPA,"Series 7, Series 63, Series 65, Series 24",2024-01-19,21,Atlanta Midtown,Atlanta,GA,wei.farrell@quietcompanionwealth.com,(312) 719-9843,Retirement Planning,Active
9E62,Evan Valdez,Associate Financial Advisor,CFP,"Series 7, Series 63, Series 65",2022-08-11,5,Minneapolis Skyway,Minneapolis,MN,evan.valdez@quietcompanionwealth.com,(512) 970-8355,High Net Worth Wealth Management,Active
597G,Katherine Adkins,Senior Wealth Manager,CPA,"Series 7, Series 63, Series 65",2018-05-25,20,Seattle Waterfront,Seattle,WA,katherine.adkins@quietcompanionwealth.com,(720) 692-7081,Estate Planning,Active
124J,Kwame Bennett,Branch Manager,CPA,"Series 7, Series 63, Series 66, Series 24",2025-11-18,18,Seattle Waterfront,Seattle,WA,kwame.bennett@quietcompanionwealth.com,(414) 605-9224,Small Business Advisory,Active
05H1,Daniel Hayes,Senior Wealth Manager,"AIF, CRPC","Series 7, Series 63, Series 66",2011-08-11,16,Milwaukee Downtown,Milwaukee,WI,daniel.hayes@quietcompanionwealth.com,(414) 281-1311,Education Planning,Active
X986,Stephanie Kowalski,Senior Wealth Manager,CFP,"Series 7, Series 63, Series 65",2012-07-29,17,Austin Riverside,Austin,TX,stephanie.kowalski@quietcompanionwealth.com,(773) 668-2029,Estate Planning,Active
0R89,Yuki Riddle,Wealth Manager,CFA,"Series 7, Series 63, Series 65",2015-07-14,14,Seattle Waterfront,Seattle,WA,yuki.riddle@quietcompanionwealth.com,(312) 736-6908,Estate Planning,On Leave
880Z,Leila Esposito,Portfolio Manager,"CFP, CRPC","Series 7, Series 63, Series 66",2018-07-19,15,Seattle Waterfront,Seattle,WA,leila.esposito@quietcompanionwealth.com,(720) 306-6447,Tax-Efficient Investing,Active
2U77,Leila Donovan,Senior Wealth Manager,CFP,"Series 7, Series 63, Series 65",2016-01-14,15,Atlanta Midtown,Atlanta,GA,leila.donovan@quietcompanionwealth.com,(608) 607-9897,Income & Distribution Planning,Active
45G0,Colin Ziegler,Financial Advisor,"AIF, CPA","Series 7, Series 63, Series 65",2018-07-01,9,Phoenix Camelback,Phoenix,AZ,colin.ziegler@quietcompanionwealth.com,(404) 576-9507,Education Planning,Active
69C2,Yvonne Ortiz,Financial Advisor,"AIF, CIMA","Series 7, Series 63",2024-06-30,3,Phoenix Camelback,Phoenix,AZ,yvonne.ortiz@quietcompanionwealth.com,(404) 559-8325,Retirement Planning,Active
401N,Grace Tessaro,Financial Advisor,AIF,"Series 7, Series 63, Series 65",2022-07-24,9,Minneapolis Skyway,Minneapolis,MN,grace.tessaro@quietcompanionwealth.com,(602) 570-7272,Retirement Planning,Active
5L71,Quentin Schmidt,Senior Financial Advisor,"CIMA, CFA, CFP","Series 7, Series 63, Series 65",2015-03-18,14,Phoenix Camelback,Phoenix,AZ,quentin.schmidt@quietcompanionwealth.com,(404) 730-7340,Estate Planning,Active
9G47,Diana Schmidt,Associate Financial Advisor,None,"Series 7, Series 63",2025-07-04,1,Atlanta Midtown,Atlanta,GA,diana.schmidt@quietcompanionwealth.com,(602) 883-6692,Estate Planning,Active
2F58,Olivia Yamamoto,Associate Financial Advisor,None,"Series 7, Series 63, Series 66",2023-08-30,2,Minneapolis Skyway,Minneapolis,MN,olivia.yamamoto@quietcompanionwealth.com,(602) 678-3126,Estate Planning,Active
Q669,Ryan Boyle,Associate Financial Advisor,None,"Series 7, Series 63",2024-04-14,3,Chicago Loop,Chicago,IL,ryan.boyle@quietcompanionwealth.com,(608) 855-3981,Tax-Efficient Investing,Active
2Q42,Angela Bennett,Financial Advisor,"CFA, ChFC","Series 7, Series 63, Series 66",2023-08-03,8,Denver Tech Center,Denver,CO,angela.bennett@quietcompanionwealth.com,(512) 829-9740,Estate Planning,Active
22S9,Rachel Pruitt,Portfolio Manager,CFA,"Series 7, Series 63, Series 65",2005-09-01,24,Milwaukee Downtown,Milwaukee,WI,rachel.pruitt@quietcompanionwealth.com,(512) 866-4453,ESG & Impact Investing,Active
844U,Laura Delgado,Financial Advisor,CFP,"Series 7, Series 63, Series 66",2018-10-26,9,Seattle Waterfront,Seattle,WA,laura.delgado@quietcompanionwealth.com,(303) 548-3353,Small Business Advisory,Active
M258,Nathan Ellison,Financial Advisor,ChFC,"Series 7, Series 63, Series 66",2022-08-08,6,Chicago Loop,Chicago,IL,nathan.ellison@quietcompanionwealth.com,(206) 454-3616,Small Business Advisory,On Leave
278G,Xavier Abbott,Senior Financial Advisor,CFA,"Series 7, Series 63, Series 66",2017-10-29,12,Atlanta Midtown,Atlanta,GA,xavier.abbott@quietcompanionwealth.com,(303) 420-6781,Retirement Planning,Active
801J,Monica Adkins,Associate Financial Advisor,CRPC,"Series 7, Series 63, Series 65",2024-12-15,3,Phoenix Camelback,Phoenix,AZ,monica.adkins@quietcompanionwealth.com,(608) 495-2204,ESG & Impact Investing,Active
V912,Victoria Valdez,Financial Advisor,"ChFC, CFA","Series 7, Series 63",2019-10-07,9,Phoenix Camelback,Phoenix,AZ,victoria.valdez@quietcompanionwealth.com,(414) 246-1637,Tax-Efficient Investing,Active
2O98,Diego Greer,Financial Advisor,None,"Series 7, Series 63",2021-08-20,7,Phoenix Camelback,Phoenix,AZ,diego.greer@quietcompanionwealth.com,(602) 719-9351,Income & Distribution Planning,Active
551A,Justin Adkins,Senior Financial Advisor,"AIF, ChFC, CRPC","Series 7, Series 63, Series 65",2024-08-24,18,Milwaukee Downtown,Milwaukee,WI,justin.adkins@quietcompanionwealth.com,(404) 374-9589,ESG & Impact Investing,Active
B913,Rosa Russo,Senior Financial Advisor,"CFA, AIF","Series 7, Series 63, Series 65",2015-04-12,14,Minneapolis Skyway,Minneapolis,MN,rosa.russo@quietcompanionwealth.com,(608) 412-6325,Income & Distribution Planning,Active
85O8,Nathan Ibrahim,Wealth Manager,"AIF, CFA, CLU","Series 7, Series 63, Series 66",2009-01-21,20,Austin Riverside,Austin,TX,nathan.ibrahim@quietcompanionwealth.com,(303) 504-5735,High Net Worth Wealth Management,Active
58P4,Hassan Abbott,Associate Financial Advisor,CRPC,"Series 7, Series 63",2025-01-21,5,Seattle Waterfront,Seattle,WA,hassan.abbott@quietcompanionwealth.com,(414) 494-2294,Small Business Advisory,On Leave
73X3,Monica Santos,Branch Manager,CFA,"Series 7, Series 63, Series 65, Series 24",2019-05-26,27,Austin Riverside,Austin,TX,monica.santos@quietcompanionwealth.com,(720) 743-4697,High Net Worth Wealth Management,Active
W712,Carlos Castillo,Managing Director,"CFA, CPA, CRPC","Series 7, Series 63, Series 66, Series 24",2016-07-25,25,Seattle Waterfront,Seattle,WA,carlos.castillo@quietcompanionwealth.com,(414) 987-2465,High Net Worth Wealth Management,Active
620F,Xavier Okoye,Senior Wealth Manager,CFP,"Series 7, Series 63, Series 66",2022-12-30,16,Austin Riverside,Austin,TX,xavier.okoye@quietcompanionwealth.com,(512) 665-9901,Income & Distribution Planning,Active
43O1,Nicole Esposito,Associate Financial Advisor,CFP,"Series 7, Series 63",2023-09-02,4,Austin Riverside,Austin,TX,nicole.esposito@quietcompanionwealth.com,(720) 975-4164,Tax-Efficient Investing,Active
851N,Kelsey Larsen,Wealth Manager,"CRPC, CFA","Series 7, Series 63, Series 65",2021-12-05,12,Minneapolis Skyway,Minneapolis,MN,kelsey.larsen@quietcompanionwealth.com,(303) 657-5374,Small Business Advisory,Active
A453,Xavier Nash,Wealth Manager,CFA,"Series 7, Series 63, Series 65",2016-12-14,17,Austin Riverside,Austin,TX,xavier.nash@quietcompanionwealth.com,(773) 426-4590,Tax-Efficient Investing,Active
6L87,Raj Sorensen,Senior Wealth Manager,"CFP, CIMA, CRPC","Series 7, Series 63, Series 65",2008-10-07,24,Chicago Loop,Chicago,IL,raj.sorensen@quietcompanionwealth.com,(303) 786-9792,Tax-Efficient Investing,Active
D397,Kwame Rahman,Branch Manager,"CFP, CIMA","Series 7, Series 63, Series 66, Series 24",2005-01-17,23,Milwaukee Downtown,Milwaukee,WI,kwame.rahman@quietcompanionwealth.com,(737) 222-7487,Education Planning,Active
10S6,Brooke Novak,Wealth Manager,CFA,"Series 7, Series 63, Series 65",2021-07-26,18,Milwaukee Downtown,Milwaukee,WI,brooke.novak@quietcompanionwealth.com,(737) 861-7887,Small Business Advisory,Terminated
6M18,Jacob Schmidt,Wealth Manager,CFP,"Series 7, Series 63, Series 65",2026-01-17,15,Chicago Loop,Chicago,IL,jacob.schmidt@quietcompanionwealth.com,(404) 889-9920,ESG & Impact Investing,Active
5O24,Christina Russo,Branch Manager,CFP,"Series 7, Series 63, Series 65, Series 24",2020-05-16,27,Chicago Loop,Chicago,IL,christina.russo@quietcompanionwealth.com,(312) 808-1550,Income & Distribution Planning,Active
0H67,Vincent Patel,Senior Financial Advisor,"CIMA, CFA, CRPC","Series 7, Series 63, Series 66",2021-02-18,8,Minneapolis Skyway,Minneapolis,MN,vincent.patel@quietcompanionwealth.com,(512) 346-9540,High Net Worth Wealth Management,Active
926R,Victoria Foster,Associate Financial Advisor,CRPC,"Series 7, Series 63",2023-04-04,3,Seattle Waterfront,Seattle,WA,victoria.foster@quietcompanionwealth.com,(512) 585-4012,Income & Distribution Planning,Active
270W,Mark Yamamoto,Managing Director,CFP,"Series 7, Series 63, Series 66, Series 24",2015-05-05,24,Seattle Waterfront,Seattle,WA,mark.yamamoto@quietcompanionwealth.com,(608) 941-4120,Retirement Planning,Active
0T13,Quentin Sorensen,Senior Financial Advisor,CPA,"Series 7, Series 63, Series 65",2014-10-19,13,Austin Riverside,Austin,TX,quentin.sorensen@quietcompanionwealth.com,(303) 912-4350,ESG & Impact Investing,On Leave
46Y7,Marcus Bauer,Financial Advisor,"CRPC, CFA","Series 7, Series 63, Series 66",2025-09-03,5,Atlanta Midtown,Atlanta,GA,marcus.bauer@quietcompanionwealth.com,(303) 959-3390,Retirement Planning,Active
6X42,Dustin OBrien,Financial Advisor,"CIMA, CLU","Series 7, Series 63",2020-07-26,6,Denver Tech Center,Denver,CO,dustin.obrien@quietcompanionwealth.com,(737) 702-8550,Tax-Efficient Investing,Active
E872,Grace Hughes,Senior Financial Advisor,CFP,"Series 7, Series 63, Series 65",2024-06-14,9,Milwaukee Downtown,Milwaukee,WI,grace.hughes@quietcompanionwealth.com,(303) 717-8471,Small Business Advisory,Active
700P,Kelsey Tessaro,Associate Financial Advisor,CRPC,"Series 7, Series 63, Series 66",2025-04-25,5,Austin Riverside,Austin,TX,kelsey.tessaro@quietcompanionwealth.com,(312) 736-3439,High Net Worth Wealth Management,Active
46L1,Ingrid Santos,Managing Director,"CPA, ChFC, CRPC","Series 7, Series 63, Series 65, Series 24",2005-07-26,34,Denver Tech Center,Denver,CO,ingrid.santos@quietcompanionwealth.com,(414) 295-7640,ESG & Impact Investing,Active
021U,Diego Foster,Portfolio Manager,"CFA, CIMA, CFP","Series 7, Series 63, Series 65",2019-07-01,25,Phoenix Camelback,Phoenix,AZ,diego.foster@quietcompanionwealth.com,(773) 686-5441,Retirement Planning,On Leave
90R2,Rosa Vargas,Associate Financial Advisor,AIF,"Series 7, Series 63",2026-01-16,2,Minneapolis Skyway,Minneapolis,MN,rosa.vargas@quietcompanionwealth.com,(612) 777-4939,ESG & Impact Investing,Active
21M8,Leila Castillo,Associate Financial Advisor,CRPC,"Series 7, Series 63",2021-08-19,4,Denver Tech Center,Denver,CO,leila.castillo@quietcompanionwealth.com,(206) 992-6347,Retirement Planning,Active
586H,Sofia Cabrera,Associate Financial Advisor,None,"Series 7, Series 63",2025-05-12,5,Seattle Waterfront,Seattle,WA,sofia.cabrera@quietcompanionwealth.com,(312) 474-3526,ESG & Impact Investing,Active
X655,Kelsey Fischer,Associate Financial Advisor,None,"Series 7, Series 63, Series 65",2026-03-15,3,Atlanta Midtown,Atlanta,GA,kelsey.fischer@quietcompanionwealth.com,(206) 659-9395,ESG & Impact Investing,Active
19R9,Michelle Freeman,Portfolio Manager,"CFP, AIF","Series 7, Series 63, Series 65",2014-03-27,15,Austin Riverside,Austin,TX,michelle.freeman@quietcompanionwealth.com,(612) 475-5933,Education Planning,Active
464N,Christopher Hughes,Senior Wealth Manager,CFP,"Series 7, Series 63, Series 66",2023-04-11,19,Austin Riverside,Austin,TX,christopher.hughes@quietcompanionwealth.com,(512) 206-7483,Small Business Advisory,Active
5O69,Jacob Castillo,Financial Advisor,CLU,"Series 7, Series 63",2021-06-29,7,Denver Tech Center,Denver,CO,jacob.castillo@quietcompanionwealth.com,(720) 702-4971,Small Business Advisory,Active
9D39,Ryan Goldberg,Wealth Manager,"AIF, CRPC, CFA","Series 7, Series 63, Series 66",2016-07-01,18,Milwaukee Downtown,Milwaukee,WI,ryan.goldberg@quietcompanionwealth.com,(312) 618-9180,Tax-Efficient Investing,Active
V266,Paul Santos,Senior Financial Advisor,"CLU, CIMA, AIF","Series 7, Series 63, Series 66",2009-06-04,17,Atlanta Midtown,Atlanta,GA,paul.santos@quietcompanionwealth.com,(602) 918-9796,Estate Planning,Active
V529,Heather Blackwood,Senior Financial Advisor,"CLU, CFP","Series 7, Series 63, Series 65",2023-02-07,18,Seattle Waterfront,Seattle,WA,heather.blackwood@quietcompanionwealth.com,(303) 722-9499,High Net Worth Wealth Management,Active
98Y2,Ryan Volkov,Managing Director,"CLU, CFP","Series 7, Series 63, Series 65, Series 24",2021-12-23,35,Chicago Loop,Chicago,IL,ryan.volkov@quietcompanionwealth.com,(512) 551-8460,High Net Worth Wealth Management,Active
D775,Benjamin Adkins,Financial Advisor,None,"Series 7, Series 63, Series 65",2024-02-15,9,Chicago Loop,Chicago,IL,benjamin.adkins@quietcompanionwealth.com,(608) 378-3623,Small Business Advisory,Active
622Z,Mei Park,Financial Advisor,"CLU, CFP","Series 7, Series 63",2023-01-28,8,Denver Tech Center,Denver,CO,mei.park@quietcompanionwealth.com,(737) 264-2667,Tax-Efficient Investing,Active
47D8,Lauren Takahashi,Senior Financial Advisor,"CFA, ChFC, CLU","Series 7, Series 63, Series 66",2020-07-10,17,Seattle Waterfront,Seattle,WA,lauren.takahashi@quietcompanionwealth.com,(737) 504-2388,Tax-Efficient Investing,Active
252D,Paul Zhang,Senior Financial Advisor,"CFP, CPA","Series 7, Series 63, Series 65",2019-01-24,10,Seattle Waterfront,Seattle,WA,paul.zhang@quietcompanionwealth.com,(612) 391-6154,Income & Distribution Planning,Active
236P,Grace Weston,Financial Advisor,"AIF, CFA","Series 7, Series 63, Series 65",2020-02-28,6,Seattle Waterfront,Seattle,WA,grace.weston@quietcompanionwealth.com,(512) 233-5503,High Net Worth Wealth Management,Active
S788,Rachel Takahashi,Senior Financial Advisor,"CFP, CLU, CRPC","Series 7, Series 63, Series 66",2018-03-01,12,Phoenix Camelback,Phoenix,AZ,rachel.takahashi@quietcompanionwealth.com,(206) 304-5055,Education Planning,Active
I517,David Schmidt,Senior Wealth Manager,"CFA, CLU, AIF","Series 7, Series 63, Series 65",2022-03-06,17,Denver Tech Center,Denver,CO,david.schmidt@quietcompanionwealth.com,(303) 260-6747,Education Planning,Active
44W9,Rachel Bauer,Branch Manager,CLU,"Series 7, Series 63, Series 66, Series 24",2006-04-20,24,Chicago Loop,Chicago,IL,rachel.bauer@quietcompanionwealth.com,(737) 335-5090,Tax-Efficient Investing,Active
294P,Heather Khan,Financial Advisor,"CRPC, CPA","Series 7, Series 63",2023-08-26,3,Chicago Loop,Chicago,IL,heather.khan@quietcompanionwealth.com,(414) 992-2526,Income & Distribution Planning,Active
863C,Ursula Freeman,Portfolio Manager,"CFP, ChFC","Series 7, Series 63, Series 66",2015-07-07,22,Austin Riverside,Austin,TX,ursula.freeman@quietcompanionwealth.com,(414) 247-2631,Income & Distribution Planning,Active
0O63,Kevin Rahman,Portfolio Manager,"CFA, CRPC","Series 7, Series 63, Series 66",2018-05-09,19,Minneapolis Skyway,Minneapolis,MN,kevin.rahman@quietcompanionwealth.com,(602) 880-3711,Retirement Planning,Active
1N10,Katherine Park,Senior Financial Advisor,"AIF, CFP, CLU","Series 7, Series 63, Series 66",2024-11-14,10,Denver Tech Center,Denver,CO,katherine.park@quietcompanionwealth.com,(737) 335-8826,Estate Planning,Active
5D54,Michelle Lin,Financial Advisor,CFA,"Series 7, Series 63",2025-08-10,9,Minneapolis Skyway,Minneapolis,MN,michelle.lin@quietcompanionwealth.com,(720) 368-8210,Small Business Advisory,Active
N973,Jerome Fischer,Branch Manager,"CFP, ChFC, CPA","Series 7, Series 63, Series 65, Series 24",2017-07-25,18,Chicago Loop,Chicago,IL,jerome.fischer@quietcompanionwealth.com,(312) 454-5668,Retirement Planning,Active
8G98,Nolan Yamamoto,Senior Wealth Manager,CFP,"Series 7, Series 63, Series 66",2023-09-22,18,Milwaukee Downtown,Milwaukee,WI,nolan.yamamoto@quietcompanionwealth.com,(414) 569-6185,Tax-Efficient Investing,Active
L827,Caleb Nakamura,Associate Financial Advisor,None,"Series 7, Series 63, Series 65",2024-10-02,1,Milwaukee Downtown,Milwaukee,WI,caleb.nakamura@quietcompanionwealth.com,(512) 843-9209,ESG & Impact Investing,Active
8U89,Maria Brooks,Financial Advisor,ChFC,"Series 7, Series 63",2022-08-23,5,Chicago Loop,Chicago,IL,maria.brooks@quietcompanionwealth.com,(720) 981-2083,Education Planning,Active
B316,Yvonne Quinn,Senior Financial Advisor,"ChFC, CFP","Series 7, Series 63, Series 65",2021-06-25,17,Milwaukee Downtown,Milwaukee,WI,yvonne.quinn@quietcompanionwealth.com,(414) 367-9133,Small Business Advisory,Active
F524,Xavier Turner,Senior Wealth Manager,"CFP, AIF","Series 7, Series 63, Series 66",2018-10-02,14,Phoenix Camelback,Phoenix,AZ,xavier.turner@quietcompanionwealth.com,(602) 256-9185,Tax-Efficient Investing,Active
S138,Gregory Lin,Associate Financial Advisor,None,"Series 7, Series 63, Series 65",2026-05-31,1,Denver Tech Center,Denver,CO,gregory.lin@quietcompanionwealth.com,(608) 931-7870,High Net Worth Wealth Management,Active
I195,Priya Abbott,Senior Financial Advisor,CFP,"Series 7, Series 63, Series 66",2024-10-23,8,Minneapolis Skyway,Minneapolis,MN,priya.abbott@quietcompanionwealth.com,(512) 992-6090,Small Business Advisory,Active
34L9,Raj Weston,Senior Wealth Manager,"AIF, CLU","Series 7, Series 63, Series 65",2022-06-16,17,Atlanta Midtown,Atlanta,GA,raj.weston@quietcompanionwealth.com,(206) 224-4817,Small Business Advisory,Active
K064,Travis Weston,Financial Advisor,ChFC,"Series 7, Series 63",2026-05-27,4,Seattle Waterfront,Seattle,WA,travis.weston@quietcompanionwealth.com,(303) 732-7767,Small Business Advisory,Active
182S,Brooke Brooks,Associate Financial Advisor,None,"Series 7, Series 63",2025-01-20,5,Milwaukee Downtown,Milwaukee,WI,brooke.brooks@quietcompanionwealth.com,(512) 522-7438,Small Business Advisory,Active
C329,Scott Park,Associate Financial Advisor,CRPC,"Series 7, Series 63, Series 66",2025-10-30,2,Atlanta Midtown,Atlanta,GA,scott.park@quietcompanionwealth.com,(512) 674-5341,Estate Planning,Active
90W3,Rosa Yamamoto,Associate Financial Advisor,None,"Series 7, Series 63, Series 66",2025-03-21,2,Phoenix Camelback,Phoenix,AZ,rosa.yamamoto@quietcompanionwealth.com,(414) 614-8408,High Net Worth Wealth Management,Active
0D03,Rebecca Diaz,Financial Advisor,CIMA,"Series 7, Series 63",2026-06-07,6,Phoenix Camelback,Phoenix,AZ,rebecca.diaz@quietcompanionwealth.com,(312) 402-8265,Tax-Efficient Investing,Active
702B,Adam Bennett,Portfolio Manager,CFP,"Series 7, Series 63, Series 66",2020-03-16,21,Atlanta Midtown,Atlanta,GA,adam.bennett@quietcompanionwealth.com,(512) 486-8307,Tax-Efficient Investing,Active
476H,Iris Tessaro,Associate Financial Advisor,None,"Series 7, Series 63, Series 65",2025-12-05,3,Seattle Waterfront,Seattle,WA,iris.tessaro@quietcompanionwealth.com,(737) 567-8859,Income & Distribution Planning,Active
K642,Caleb Esposito,Financial Advisor,"CFP, CLU","Series 7, Series 63",2021-12-18,4,Milwaukee Downtown,Milwaukee,WI,caleb.esposito@quietcompanionwealth.com,(773) 438-3615,Estate Planning,Active
039R,Paul Underwood,Financial Advisor,None,"Series 7, Series 63",2020-08-21,9,Minneapolis Skyway,Minneapolis,MN,paul.underwood@quietcompanionwealth.com,(414) 920-6761,Tax-Efficient Investing,Active
R427,Thomas Delgado,Associate Financial Advisor,None,"Series 7, Series 63, Series 66",2024-03-07,2,Denver Tech Center,Denver,CO,thomas.delgado@quietcompanionwealth.com,(612) 548-3907,Small Business Advisory,Active
21W8,Brian Pruitt,Managing Director,"CFA, ChFC, CLU","Series 7, Series 63, Series 66, Series 24",2022-03-31,31,Seattle Waterfront,Seattle,WA,brian.pruitt@quietcompanionwealth.com,(737) 647-8982,Small Business Advisory,Active
5Z39,Nina Tessaro,Financial Advisor,None,"Series 7, Series 63",2019-09-03,8,Austin Riverside,Austin,TX,nina.tessaro@quietcompanionwealth.com,(414) 386-6213,High Net Worth Wealth Management,Active
51E3,Rebecca Delgado,Managing Director,"CRPC, CPA, CFP","Series 7, Series 63, Series 66, Series 24",2020-02-13,25,Chicago Loop,Chicago,IL,rebecca.delgado@quietcompanionwealth.com,(737) 269-6742,Education Planning,Active
6B76,Xavier Harrington,Portfolio Manager,"CLU, CFP","Series 7, Series 63, Series 66",2007-07-25,22,Seattle Waterfront,Seattle,WA,xavier.harrington@quietcompanionwealth.com,(720) 430-3664,Income & Distribution Planning,Active
A541,David Xu,Financial Advisor,CRPC,"Series 7, Series 63",2021-10-15,6,Minneapolis Skyway,Minneapolis,MN,david.xu@quietcompanionwealth.com,(737) 231-8066,Tax-Efficient Investing,Active
1B53,Fatima Garcia,Financial Advisor,"CPA, CFP","Series 7, Series 63, Series 66",2024-05-22,7,Austin Riverside,Austin,TX,fatima.garcia@quietcompanionwealth.com,(602) 203-8005,Estate Planning,Active
T731,Nolan Whitfield,Financial Advisor,"CFA, ChFC","Series 7, Series 63",2018-10-13,8,Austin Riverside,Austin,TX,nolan.whitfield@quietcompanionwealth.com,(720) 471-2493,ESG & Impact Investing,Active
704F,Jacob Hayes,Senior Financial Advisor,"CFP, CFA, CRPC","Series 7, Series 63, Series 65",2024-07-11,11,Austin Riverside,Austin,TX,jacob.hayes@quietcompanionwealth.com,(602) 754-7782,High Net Worth Wealth Management,Active
8N79,Allison Greer,Senior Financial Advisor,"CFP, CIMA, CLU","Series 7, Series 63, Series 65",2024-11-01,9,Seattle Waterfront,Seattle,WA,allison.greer@quietcompanionwealth.com,(612) 371-4471,High Net Worth Wealth Management,Active
63V2,Wei Brooks,Financial Advisor,None,"Series 7, Series 63",2018-01-05,8,Chicago Loop,Chicago,IL,wei.brooks@quietcompanionwealth.com,(512) 732-8506,Retirement Planning,Active
6Q16,Iris Pruitt,Associate Financial Advisor,AIF,"Series 7, Series 63",2023-09-18,5,Chicago Loop,Chicago,IL,iris.pruitt@quietcompanionwealth.com,(602) 620-5327,ESG & Impact Investing,Active
024P,Vanessa Sorensen,Associate Financial Advisor,None,"Series 7, Series 63",2023-07-01,5,Seattle Waterfront,Seattle,WA,vanessa.sorensen@quietcompanionwealth.com,(303) 250-8785,Education Planning,Active
444Z,Michael Donovan,Portfolio Manager,CFA,"Series 7, Series 63, Series 66",2017-11-19,25,Chicago Loop,Chicago,IL,michael.donovan@quietcompanionwealth.com,(773) 861-2462,High Net Worth Wealth Management,Active
8Y50,Carlos Cabrera,Associate Financial Advisor,None,"Series 7, Series 63",2022-06-05,5,Seattle Waterfront,Seattle,WA,carlos.cabrera@quietcompanionwealth.com,(612) 397-4288,Retirement Planning,Active
345L,Raj Patel,Senior Financial Advisor,"CFP, CFA, ChFC","Series 7, Series 63, Series 66",2012-03-23,18,Chicago Loop,Chicago,IL,raj.patel@quietcompanionwealth.com,(404) 800-6730,Small Business Advisory,Active
0J60,Diana Carter,Portfolio Manager,CFA,"Series 7, Series 63, Series 66",2010-06-12,27,Denver Tech Center,Denver,CO,diana.carter@quietcompanionwealth.com,(720) 209-8767,Tax-Efficient Investing,Active
49H4,Felix Weston,Senior Financial Advisor,"CIMA, CFA","Series 7, Series 63, Series 66",2021-07-08,14,Phoenix Camelback,Phoenix,AZ,felix.weston@quietcompanionwealth.com,(608) 838-7506,Estate Planning,Active
99R4,Nolan Hayes,Wealth Manager,"CFA, CRPC","Series 7, Series 63, Series 66",2017-03-16,17,Chicago Loop,Chicago,IL,nolan.hayes@quietcompanionwealth.com,(612) 729-4937,Retirement Planning,Active
520V,Felix Larsen,Managing Director,"CFP, CRPC","Series 7, Series 63, Series 66, Series 24",2004-03-02,28,Seattle Waterfront,Seattle,WA,felix.larsen@quietcompanionwealth.com,(720) 747-8794,Small Business Advisory,Active
241R,Rachel Blackwood,Associate Financial Advisor,CRPC,"Series 7, Series 63",2024-12-19,3,Minneapolis Skyway,Minneapolis,MN,rachel.blackwood@quietcompanionwealth.com,(303) 962-6031,ESG & Impact Investing,Active
I947,Adam Hayes,Senior Financial Advisor,"CFA, CIMA","Series 7, Series 63, Series 66",2013-05-25,18,Chicago Loop,Chicago,IL,adam.hayes@quietcompanionwealth.com,(612) 340-4281,Small Business Advisory,Active
521E,Caleb Takahashi,Financial Advisor,AIF,"Series 7, Series 63, Series 65",2022-03-30,4,Phoenix Camelback,Phoenix,AZ,caleb.takahashi@quietcompanionwealth.com,(404) 981-2442,Tax-Efficient Investing,Active
M676,Kelsey Ortiz,Associate Financial Advisor,CRPC,"Series 7, Series 63",2024-03-13,2,Phoenix Camelback,Phoenix,AZ,kelsey.ortiz@quietcompanionwealth.com,(414) 892-1067,High Net Worth Wealth Management,Active
16E8,Benjamin Zhang,Associate Financial Advisor,CRPC,"Series 7, Series 63",2024-11-08,1,Austin Riverside,Austin,TX,benjamin.zhang@quietcompanionwealth.com,(720) 337-6615,Income & Distribution Planning,Active
6Z03,Thomas Hughes,Wealth Manager,"CFP, CIMA, CLU","Series 7, Series 63, Series 65",2024-12-13,12,Denver Tech Center,Denver,CO,thomas.hughes@quietcompanionwealth.com,(737) 866-1612,ESG & Impact Investing,Active
T090,Gregory Ingram,Wealth Manager,"CFA, CPA, CLU","Series 7, Series 63, Series 66",2024-09-11,10,Milwaukee Downtown,Milwaukee,WI,gregory.ingram@quietcompanionwealth.com,(512) 685-3508,High Net Worth Wealth Management,Active
61J8,Jerome Weston,Wealth Manager,CFA,"Series 7, Series 63, Series 66",2025-04-25,12,Seattle Waterfront,Seattle,WA,jerome.weston@quietcompanionwealth.com,(404) 403-4272,Education Planning,Active
W642,Lauren Freeman,Senior Financial Advisor,"CPA, CFP","Series 7, Series 63, Series 65",2016-05-06,11,Atlanta Midtown,Atlanta,GA,lauren.freeman@quietcompanionwealth.com,(312) 787-9095,Tax-Efficient Investing,On Leave
143C,Fiona Farrell,Managing Director,"CFP, AIF","Series 7, Series 63, Series 65, Series 24",2025-01-21,29,Austin Riverside,Austin,TX,fiona.farrell@quietcompanionwealth.com,(602) 893-6123,ESG & Impact Investing,Active
22A5,Jonathan Chen,Portfolio Manager,"CFA, ChFC, CLU","Series 7, Series 63, Series 65",2022-11-26,24,Austin Riverside,Austin,TX,jonathan.chen@quietcompanionwealth.com,(206) 667-5453,ESG & Impact Investing,Active
U212,Aisha Nakamura,Managing Director,"CFA, CLU","Series 7, Series 63, Series 65, Series 24",2006-12-11,25,Chicago Loop,Chicago,IL,aisha.nakamura@quietcompanionwealth.com,(602) 826-1472,Tax-Efficient Investing,Active
